ticker,market_cap_cr,retrieved_at_ist,source_url,status
63MOONS.NS,3697.0,2026-10-02T13:06:15+05:30,https://www.screener.in/company/63MOONS/,ok
ACUTAAS.NS,26170.0,2026-10-02T13:06:33+05:30,https://www.screener.in/company/ACUTAAS/,ok
ADANIENT.NS,381234.0,2026-10-02T13:06:15+05:30,https://www.screener.in/company/ADANIENT/,ok
AFFORDABLE.NS,213.0,2026-10-02T13:06:36+05:30,https://www.screener.in/company/AFFORDABLE/,ok
APCL.NS,278.0,2026-10-02T13:06:29+05:30,https://www.screener.in/company/APCL/,ok
APOLLOPIPE.NS,2258.0,2026-10-02T13:06:21+05:30,https://www.screener.in/company/APOLLOPIPE/,ok
ATALREAL.NS,158.0,2026-10-02T13:06:33+05:30,https://www.screener.in/company/ATALREAL/,ok
AXISCADES.NS,9814.0,2026-10-02T13:06:21+05:30,https://www.screener.in/company/AXISCADES/,ok
BANARISUG.NS,4139.0,2026-10-02T13:04:17+05:30,https://www.screener.in/company/BANARISUG/,ok
BANKBARODA.NS,119365.0,2026-10-02T13:04:15+05:30,https://www.screener.in/company/BANKBARODA/,ok
CAMS.NS,16824.0,2026-10-02T13:08:23+05:30,https://www.screener.in/company/CAMS/,web snapshot
COHANCE.NS,17267.0,2026-10-02T13:06:22+05:30,https://www.screener.in/company/COHANCE/,ok
DCAL.NS,2357.0,2026-10-02T13:06:32+05:30,https://www.screener.in/company/DCAL/,ok
DCXINDIA.NS,1771.0,2026-10-02T13:06:14+05:30,https://www.screener.in/company/DCXINDIA/,ok
DOLLEX.NS,153.0,2026-10-02T13:04:12+05:30,https://www.screener.in/company/DOLLEX/,ok
EBGNG.NS,8034.0,2026-10-02T13:04:10+05:30,https://www.screener.in/company/EBGNG/,ok
ELIN.NS,396.0,2026-10-02T13:06:24+05:30,https://www.screener.in/company/ELIN/,ok
ETERNAL.NS,302925.0,2026-10-02T13:06:20+05:30,https://www.screener.in/company/ETERNAL/,ok
FACT.NS,47557.0,2026-10-02T13:06:12+05:30,https://www.screener.in/company/FACT/,ok
GEMAROMA.NS,811.0,2026-10-02T13:06:28+05:30,https://www.screener.in/company/GEMAROMA/,ok
GLOBAL.NS,695.0,2026-10-02T13:04:17+05:30,https://www.screener.in/company/GLOBAL/,ok
GOACARBON.NS,369.0,2026-10-02T13:06:35+05:30,https://www.screener.in/company/GOACARBON/,ok
HGS.NS,1708.0,2026-10-02T13:06:19+05:30,https://www.screener.in/company/HGS/,ok
HINDPETRO.NS,73410.0,2026-10-02T13:06:34+05:30,https://www.screener.in/company/HINDPETRO/,ok
IGIL.NS,13481.0,2026-10-02T13:06:27+05:30,https://www.screener.in/company/IGIL/,ok
INDOTHAI.NS,467.0,2026-10-02T13:06:24+05:30,https://www.screener.in/company/INDOTHAI/,ok
KPEL.NS,1478.0,2026-10-02T13:08:23+05:30,https://www.screener.in/company/KPEL/,web snapshot
LEXUS.NS,22.0,2026-10-02T13:08:23+05:30,https://www.screener.in/company/LEXUS/,web snapshot
LOTUSDEV.NS,11244.0,2026-10-02T13:06:25+05:30,https://www.screener.in/company/LOTUSDEV/,ok
MAGADSUGAR.NS,721.0,2026-10-02T13:04:09+05:30,https://www.screener.in/company/MAGADSUGAR/,ok
MAHEPC.NS,269.0,2026-10-02T13:04:11+05:30,https://www.screener.in/company/MAHEPC/,ok
MAMATA.NS,984.0,2026-10-02T13:06:30+05:30,https://www.screener.in/company/MAMATA/,ok
MONTECARLO.NS,1084.0,2026-10-02T13:06:23+05:30,https://www.screener.in/company/MONTECARLO/,ok
MSTCLTD.NS,4969.0,2026-10-02T13:04:14+05:30,https://www.screener.in/company/MSTCLTD/,ok
NIBE.NS,1914.0,2026-10-02T13:06:18+05:30,https://www.screener.in/company/NIBE/,ok
PACEDIGITK.NS,3612.0,2026-10-02T13:06:37+05:30,https://www.screener.in/company/PACEDIGITK/,ok
PILANIINVS.NS,4310.0,2026-10-02T13:06:13+05:30,https://www.screener.in/company/PILANIINVS/,ok
POLICYBZR.NS,45350.0,2026-10-02T13:06:36+05:30,https://www.screener.in/company/POLICYBZR/,ok
PPLPHARMA.NS,26357.0,2026-10-02T13:06:17+05:30,https://www.screener.in/company/PPLPHARMA/,ok
RAYMONDREL.NS,4317.0,2026-10-02T13:06:27+05:30,https://www.screener.in/company/RAYMONDREL/,ok
RELIGARE.NS,7742.0,2026-10-02T13:06:26+05:30,https://www.screener.in/company/RELIGARE/,ok
RMC.NS,214.0,2026-10-02T13:06:38+05:30,https://www.screener.in/company/RMC/,ok
SBGLP.NS,395.0,2026-10-02T13:04:09+05:30,https://www.screener.in/company/SBGLP/,ok
SGIL.NS,954.0,2026-10-02T13:06:16+05:30,https://www.screener.in/company/SGIL/,ok
SRM.NS,915.0,2026-10-02T13:06:39+05:30,https://www.screener.in/company/SRM/,ok
TEGA.NS,15727.0,2026-10-02T13:06:30+05:30,https://www.screener.in/company/TEGA/,ok
TIPSFILMS.NS,137.0,2026-10-02T13:08:23+05:30,https://www.screener.in/company/TIPSFILMS/,web snapshot
TNTELE.NS,52.8,2026-10-02T13:06:19+05:30,https://www.screener.in/company/TNTELE/,ok
VENUSREM.NS,2402.0,2026-10-02T13:04:12+05:30,https://www.screener.in/company/VENUSREM/,ok
VIKRAN.NS,1503.0,2026-10-02T13:06:31+05:30,https://www.screener.in/company/VIKRAN/,ok
